Open,Close
0.561261449,0.560531303
0.563269139,0.591726816
0.585127732,0.595847578
0.60273419,0.596015136
0.595106505,0.59111159
0.600841423,0.589016022
0.588115725,0.575963166
0.577400968,0.574402396
0.57000642,0.548238808
0.552277283,0.545378777
0.546994001,0.542506523
0.533532123,0.505392926
0.510568938,0.494187767
0.494769221,0.498552513
0.501132801,0.48304755
0.497372531,0.473504863
0.472043334,0.497370702
0.504629046,0.495621752
0.492122137,0.493188402
0.49444626,0.494155009
0.508740277,0.504514164
0.522615175,0.498772587
0.498657323,0.496358432
0.486051786,0.493258131
0.494508277,0.497590777
0.480434273,0.507835529
0.507038116,0.494107481
0.498697632,0.507705132
0.503616521,0.520921889
0.519468991,0.536262386
0.539128541,0.544468191
0.535654532,0.529866997
0.522110843,0.516782035
0.504285205,0.497394299
0.505204268,0.507568809
0.50086361,0.49793979
0.499147586,0.498211173
0.494764902,0.496485678
0.494371629,0.492747235
0.49331037,0.490335828
0.464023221,0.448514688
0.432209837,0.422589668
0.410241553,0.428321413
0.429155698,0.421801794
0.418815646,0.431324286
0.437378396,0.431685083
0.429488738,0.426745665
0.418408045,0.414803863
0.408668715,0.400991594
0.403536075,0.391719285
0.378747704,0.378958675
0.371642928,0.390116435
0.393548972,0.368052421
0.372542722,0.385233519
0.378838506,0.3595391
0.350256734,0.344218675
0.355108259,0.357018123
0.360765204,0.371167521
0.379750938,0.384085546
0.378530516,0.372063149
0.371470483,0.361482112
0.370237561,0.363654495
0.363927084,0.358976025
0.364383408,0.389450929
0.386400524,0.396286046
0.393259607,0.39188887
0.389656053,0.385836045
0.38926278,0.382997099
0.384827432,0.380146176
0.379540161,0.386277611
0.380783549,0.39312436
0.386883867,0.403789315
0.417750781,0.436640252
0.441030581,0.449234046
0.45065194,0.443829317
0.43661819,0.46663001
0.47270673,0.454421759
0.459290099,0.449790512
0.446949694,0.441533645
0.447267135,0.444013276
0.444738647,0.43494861
0.43571204,0.435282987
0.433865279,0.447820828
0.449937346,0.460723656
0.460686618,0.464456319
0.473210418,0.458552657
0.457829661,0.452587637
0.466346844,0.450791176
0.448674727,0.439033124
0.430384054,0.437920263
0.43866151,0.428085259
0.430325822,0.432797106
0.429204235,0.432403169
0.436046971,0.458163629
0.452604458,0.453620262
0.450123518,0.463535976
0.462807387,0.481835819
0.479115734,0.462067383
0.470107263,0.46303399
0.465012802,0.474721166
0.471987388,0.480914934
0.484070143,0.503542975
0.504010021,0.505642806
0.503616748,0.511429441
0.514916349,0.496704274
0.494036014,0.486092878
0.472280273,0.477896449
0.473867215,0.477502512
0.483904558,0.47316119
0.466449247,0.463433626
0.454576766,0.456264524
0.461641235,0.457232984
0.456515019,0.464936383
0.461527199,0.46051017
0.453003674,0.454006199
0.456692052,0.473695264
0.470986069,0.468686944
0.461966165,0.45690604
0.449377176,0.450377046
0.457147342,0.464849087
0.466774451,0.46644849
0.464393122,0.473296295
0.471905144,0.483891816
0.488222922,0.496124831
0.492234975,0.504996113
0.506048959,0.490953669
0.492699993,0.498050502
0.500366418,0.507472823
0.506085656,0.496021964
0.491520174,0.493761209
0.491751525,0.49399028
0.493848915,0.49793615
0.495933959,0.506110317
0.506543593,0.499611333
0.500067497,0.497371198
0.491654304,0.492642887
0.488767263,0.492870468
0.492729941,0.494954849
0.494192001,0.493942468
0.493798728,0.497247711
0.495868511,0.499304757
0.513571257,0.516329996
0.520236974,0.533339218
0.530248663,0.540863964
0.540048286,0.527969361
0.528889694,0.535566481
0.546496152,0.555152987
0.530388919,0.507430297
0.509037944,0.508827448
0.510425073,0.500625538
0.502871779,0.496586359
0.495214463,0.490057411
0.490534593,0.479057927
0.47452481,0.484306722
0.490362689,0.453054634
0.45102184,0.461859371
0.459187014,0.448272069
0.447572143,0.448546118
0.455126081,0.46521422
0.464492395,0.447758245
0.450381735,0.469561174
0.485146722,0.493471108
0.488443469,0.497317033
0.500157314,0.499329837
0.497365957,0.503120007
0.505906845,0.498541963
0.49416977,0.492716461
0.487701123,0.491715345
0.482393811,0.490713549
0.485690558,0.49395596
0.491387518,0.514262814
0.511163061,0.512127742
0.513668303,0.533909092
0.530880507,0.557936712
0.560799567,0.543578426
0.52560963,0.524879621
0.519553761,0.507242586
0.508221676,0.538020224
0.544840802,0.547958334
0.549288888,0.543240049
0.545134195,0.532977354
0.532731597,0.540275896
0.546500503,0.54584407
0.547180165,0.542748874
0.539227334,0.520768884
0.5216769,0.528787912
0.524650614,0.510271963
0.500784235,0.495248545
0.484308604,0.508329328
0.501753143,0.495054157
0.466905116,0.485683284
0.484337946,0.475532949
0.484548187,0.486703772
0.493713141,0.500545658
0.509619317,0.500151721
0.498223887,0.488521324
0.487179306,0.501697571
0.504414192,0.51508176
0.510901755,0.517511105
0.516733838,0.506302829
0.504963466,0.505333228
0.507438829,0.511235863
0.508758904,0.499915696
0.499159341,0.485369829
0.486419759,0.469178753
0.475803635,0.469401675
0.474802503,0.488357229
0.489979307,0.486775616
0.488996107,0.489936221
0.488012153,0.486581933
0.481075083,0.476595385
0.48068181,0.472556206
0.467552856,0.471552126
0.470831537,0.476018548
0.464920112,0.471374395
0.47065439,0.475230674
0.486439851,0.496141715
0.500574038,0.500361416
0.496732506,0.499393083
0.498066336,0.509238429
0.506784924,0.512770463
0.507519073,0.519035886
0.5160546,0.520293061
0.522254823,0.516038066
0.513050757,0.502743831
0.499713625,0.501781377
0.494162705,0.505917478
0.511870938,0.508334127
0.507573591,0.509059983
0.496998954,0.508666046
0.504542375,0.504905123
0.497923746,0.507318616
0.505440262,0.505242081
0.496567441,0.491756927
0.487548274,0.483809092
0.481907131,0.490969053
0.486761728,0.488842028
0.484042872,0.487289315
0.478377133,0.479297329
0.481505026,0.472979186
0.470473036,0.474963373
0.474836037,0.47752623
0.47915422,0.477721582
0.480516401,0.48839394
0.485352647,0.469816156
0.469700016,0.461595442
0.451100838,0.44454358
0.443235423,0.433369289
0.436528941,0.427172569
0.426513812,0.420907714
0.421566201,0.421824392
0.419864028,0.418147468
0.417500942,0.414448814
0.421691864,0.422602101
0.415396874,0.411001362
0.419599836,0.389501504
0.395105503,0.375717052
0.3715502,0.367403574
0.372591647,0.390401566
0.384230099,0.378802689
0.371805101,0.378408752
0.374268976,0.366553006
0.365978903,0.367606246
0.368471638,0.369375235
0.371662623,0.364646015
0.36624417,0.371456807
0.370161265,0.379573739
0.378278861,0.38128505
0.377181842,0.370989809
0.375378132,0.381196982
0.373570433,0.366617676
0.354415958,0.352364385
0.348105427,0.326946242
0.33029934,0.330425306
0.32681487,0.326935387
0.326421597,0.325764431
0.319787999,0.305542361
0.313075532,0.328849558
0.333697024,0.337630182
0.33558514,0.329602516
0.371757862,0.417153913
0.407410085,0.408957484
0.410286948,0.410525599
0.405309479,0.400243428
0.398293599,0.393821277
0.385753992,0.388007238
0.400166631,0.379371331
0.37531195,0.371301064
0.366491519,0.374410975
0.365389546,0.325663147
0.331259137,0.329863419
0.286462701,0.279828756
0.290198247,0.29923937
0.251357363,0.271407133
0.276921451,0.297641799
0.30758392,0.300478888
0.30480782,0.317491756
0.310743739,0.310049959
0.314265891,0.293628986
0.272419178,0.263888832
0.256534105,0.279639038
0.290753832,0.285063967
0.286265517,0.320541967
0.319270991,0.307686338
0.304836247,0.30965273
0.302858188,0.318590315
0.32420745,0.343727462
0.337308272,0.344065071
0.342797414,0.342939588
0.341672595,0.331442301
0.30484439,0.303349
0.283547772,0.298983622
0.315731534,0.336212971
0.331981234,0.339503628
0.329350841,0.317350821
0.306799629,0.331319176
0.334507895,0.349215501
0.352245688,0.366466302
0.371407994,0.375007319
0.376464361,0.36498445
0.346774001,0.344757904
0.346380728,0.331186022
0.334359035,0.311122396
0.290994515,0.282149241
0.271823563,0.285823691
0.300517622,0.303729331
0.315581553,0.310317639
0.310601096,0.283018503
0.225002184,0.20919443
0.200350445,0.186660204
0.180461544,0.128971637
0.115428115,0.149121084
0.140398605,0.160245996
0.167208668,0.161918176
0.169861111,0.148997499
0.160274509,0.160098335
0.160911126,0.161766255
0.168681292,0.168522562
0.168288019,0.172169047
0.177915112,0.166719484
0.163436414,0.140250818
0.140074565,0.156700563
0.162649868,0.145846004
0.14354336,0.124952965
0.135679329,0.143999904
0.14487098,0.178384826
0.17117812,0.162944608
0.169783822,0.181533976
0.196687797,0.222517026
0.246787838,0.256980413
0.247251483,0.247240399
0.222291847,0.199191396
0.211907312,0.213668429
0.218800179,0.237407861
0.225588351,0.231750723
0.230514272,0.232237822
0.234510818,0.237968211
0.219032141,0.204318544
0.213203994,0.229292342
0.230701744,0.253882066
0.250965433,0.239858678
0.234289654,0.236867356
0.231276311,0.229480263
0.230883038,0.20750026
0.209932802,0.209856077
0.196599817,0.204870766
0.199007647,0.193282342
0.184449111,0.168729118
0.16551717,0.162358972
0.185574612,0.192100531
0.193696223,0.193589834
0.208091445,0.226814358
0.218509437,0.227298363
0.232176831,0.222499136
0.230047447,0.231746176
0.228783832,0.222595414
0.216044264,0.227473929
0.219209721,0.204734897
0.205338534,0.210698918
0.194825352,0.188161162
0.189763493,0.176316308
0.171221135,0.165190286
0.170827862,0.16182896
0.164563686,0.170284827
0.175844084,0.142857282
0.151824391,0.175310966
0.167305452,0.164205798
0.166912179,0.198964025
0.201405805,0.194886834
0.19274791,0.191712562
0.191427832,0.181937496
0.183557791,0.187193331
0.185981446,0.192386039
0.203069259,0.199345169
0.197221349,0.197123078
0.194996573,0.196729141
0.193685049,0.193580357
0.191450155,0.207706526
0.2127209,0.217932447
0.214091296,0.226219275
0.226730915,0.226685203
0.220297906,0.212353054
0.220771914,0.218104951
0.21690037,0.238226693
0.241192958,0.258344247
0.257140993,0.273774438
0.272571848,0.281108623
0.276057549,0.281480987
0.260761245,0.296171136
0.294970538,0.298740167
0.293833753,0.302025437
0.294183992,0.295731697
0.298228614,0.293107293
0.300772204,0.30667459
0.305477312,0.308449835
0.313704934,0.318762952
0.313311661,0.306939957
0.308626521,0.321493755
0.320999887,0.329444927
0.331687422,0.328360843
0.31599391,0.314670141
0.326774276,0.331014152
0.326381003,0.332673621
0.33556397,0.330911695
0.329721057,0.349996377
0.353396579,0.338276168
0.338432752,0.328358143
0.324414638,0.318255139
0.314961909,0.328256594
0.335907039,0.339388596
0.334164238,0.339664435
0.337137962,0.34260608
0.341420754,0.330779226
0.337691898,0.341152887
0.33930265,0.337418911
0.328808017,0.310177517
0.297549402,0.297614041
0.303626395,0.316412224
0.320088635,0.33651294
0.341320366,0.343428112
0.340265296,0.33772909
0.34053382,0.354374825
0.352551378,0.353980888
0.365526185,0.384202369
0.38664824,0.380768898
0.37898206,0.379153989
0.369967921,0.371370763
0.372052966,0.369734561
0.364187551,0.368718332
0.368788102,0.372046523
0.375180847,0.380838369
0.380272099,0.377401197
0.375006685,0.370246268
0.36284816,0.37232147
0.374831774,0.365731702
0.365184654,0.376435592
0.368513509,0.362443796
0.35560392,0.35128313
0.337144183,0.354715739
0.343278411,0.3466392
0.344180475,0.331846376
0.337931562,0.338703697
0.350458923,0.356306575
0.350702983,0.343771463
0.347114829,0.341433246
0.348640927,0.356385798
0.346968882,0.357877453
0.359218526,0.357483516
0.368101933,0.343738528
0.331502391,0.318917267
0.32112874,0.313081105
0.319389573,0.318129393
0.314256916,0.321778601
0.319948921,0.313265414
0.310057407,0.3149137
0.312396379,0.329905593
0.323451422,0.33213978
0.327036946,0.317117123
0.311897278,0.300957656
0.29630948,0.300563719
0.293807967,0.28961347
0.279128022,0.276979896
0.254991403,0.270720795
0.265868336,0.270326858
0.262494431,0.267715607
0.267305679,0.256085235
0.259460675,0.239523605
0.237591729,0.218359928
0.222081946,0.208081
0.214365503,0.231249502
0.219677277,0.219619109
0.203644865,0.212689138
0.21236536,0.207336487
0.206191661,0.223283859
0.222942928,0.241819647
0.232088886,0.216837097
0.213249253,0.210719453
0.194551125,0.180680941
0.182150425,0.171483969
0.173000328,0.188543794
0.194218025,0.204184992
0.209646227,0.181716184
0.177966343,0.194176392
0.201427697,0.174814682
0.179790787,0.193388519
0.190556745,0.180140436
0.178135412,0.179746499
0.17947825,0.188811112
0.185969761,0.19350196
0.192367757,0.182886212
0.186889699,0.203556889
0.200771122,0.174292442
0.177511885,0.174771887
0.165724594,0.145644716
0.147278836,0.148015782
0.149635316,0.153106356
0.147410541,0.144462905
0.159699139,0.172802203
0.173416136,0.174150426
0.175624795,0.197530084
0.176958638,0.184541015
0.176565365,0.172968615
0.166598245,0.161140573
0.109505467,0.101298746
0.103171535,0.090783015
0.08555264,0.089365562
0.089266162,0.091016615
0.084766094,0.083428292
0.084372821,0.087158086
0.081913431,0.08881333
0.091766409,0.085342488
0.058901,0.014346858
0.004864565,0.00558956
0.008072716,-0.005767076
-0.000764629,-0.012356843
-0.008510968,-0.009024088
-0.003990202,-0.003267863
-0.005607494,-0.002440828
-0.004776748,-0.00773676
-0.005170021,-0.009363713
-0.012952584,-0.019733063
-0.015833421,-0.005237547
-0.005128868,-0.015508339
-0.012893275,-0.014656976
-0.012050425,0.030110419
0.030135165,0.026295693
0.008905563,0.022457456
0.017880237,0.012760934
0.017486964,-0.004341042
-0.006663724,0.003688827
0.002581846,0.000902543
-0.000203773,-0.007955945
-0.009061598,-0.009570854
-0.009454871,-0.012415774
-0.015983155,-0.020235582
-0.02509398,-0.034536879
-0.038210574,-0.029828736
-0.029663643,-0.04177648
-0.044178539,-0.050023975
-0.049807457,-0.053063418
-0.056823337,-0.062828437
-0.054557032,-0.060526952
-0.065674567,-0.071790872
-0.082598288,-0.090368646
-0.085800554,-0.069839015
-0.076430625,-0.099777415
-0.095110026,-0.097281174
-0.091223676,-0.058874492
-0.04941505,-0.040941756
-0.051115512,-0.037494449
-0.03351197,-0.040445934
-0.041538972,-0.02693251
-0.068254117,-0.078485099
-0.074082221,-0.073384448
-0.077215224,-0.083433881
-0.078984012,-0.082436998
-0.091930267,-0.102663544
-0.100870749,-0.129770074
-0.132385182,-0.124103337
-0.119202973,-0.108199515
-0.109286577,-0.117417237
-0.115545014,-0.131345822
-0.129392036,-0.133266476
-0.132824829,-0.15713892
-0.150274003,-0.141758655
-0.139746416,-0.142152592
-0.144790881,-0.147226746
-0.149879019,-0.138303652
-0.144022217,-0.154323846
-0.149095707,-0.146843612
-0.204088653,-0.224833999
-0.216871929,-0.223406442
-0.220862337,-0.236692425
-0.241516189,-0.220571115
-0.223457201,-0.248801572
-0.265383779,-0.341120192
-0.330858288,-0.360207933
-0.370899381,-0.351167581
-0.34528203,-0.365780528
-0.362070255,-0.356650376
-0.35537116,-0.368978043
-0.355764433,-0.374226383
-0.370444436,-0.353137266
-0.351878053,-0.362965492
-0.36403662,-0.36098413
-0.359690525,-0.370947728
-0.372017528,-0.386048594
-0.382167199,-0.393961462
-0.390004771,-0.381885937
-0.38049674,-0.392230441
-0.39581648,-0.368109688
-0.381283286,-0.408325649
-0.409391465,-0.424510357
-0.425575509,-0.427585263
-0.418011062,-0.412104866
-0.41316869,-0.423025498
-0.421436134,-0.426086105
-0.413955236,-0.40553456
-0.404038845,-0.426873979
-0.427935147,-0.424601245
-0.42566175,-0.404158823
-0.392623551,-0.384550112
-0.357030052,-0.347190252
-0.330389741,-0.312482093
-0.288741445,-0.334524413
-0.326809451,-0.328324854
-0.320723158,-0.317919245
-0.31050028,-0.314057841
-0.317236177,-0.322998987
-0.319761648,-0.321242385
-0.313785414,-0.313125486
-0.307889252,-0.305150984
-0.302071271,-0.309711608
-0.306596794,-0.295671567
-0.288658093,-0.28401674
-0.279150062,-0.284410677
-0.283480359,-0.309199672
-0.325049161,-0.271499076
-0.282294518,-0.293592651
-0.292628467,-0.304170229
-0.307279311,-0.312863104
-0.333101819,-0.33681603
-0.335673743,-0.311563294
-0.282296246,-0.285581974
-0.288606742,-0.293944199
-0.290988087,-0.274650572
-0.271847644,-0.25983418
-0.251600063,-0.260228117
-0.255683386,-0.268169359
-0.257931947,-0.270468104
-0.269603882,-0.261409927
-0.26058069,-0.267453636
-0.272295236,-0.260328642
-0.263236395,-0.253315043
-0.247053581,-0.250045964
-0.267782354,-0.30433818
-0.293326018,-0.306768777
-0.274261601,-0.253055928
-0.259616116,-0.242579882
-0.234733273,-0.23233513
-0.226400288,-0.238020117
-0.232011036,-0.252803522
-0.252014647,-0.269896583
-0.261582481,-0.279814654
-0.275109704,-0.280208591
-0.275502977,-0.296228785
-0.291341525,-0.280996465
-0.283952547,-0.281390402
-0.28049965,-0.287587106
-0.286673329,-0.284105058
-0.285132366,-0.269288666
-0.262880235,-0.251298197
-0.245155601,-0.255315335
-0.258162144,-0.255709272
-0.253110722,-0.26342934
-0.257127196,-0.243929171
-0.241418914,-0.266065643
-0.26894359,-0.285329771
-0.278717992,-0.283804322
-0.279111265,-0.299763703
-0.298811984,-0.314186603
-0.311158006,-0.300551577
-0.295676945,-0.308913803
-0.30792847,-0.323565311
-0.320468077,-0.328108645
-0.31881636,-0.322291328
-0.319209633,-0.322685265
-0.321647896,-0.298978174
-0.296087264,-0.297415164
-0.296480537,-0.291983797
-0.292997825,-0.288531565
-0.287632883,-0.290844888
-0.288026156,-0.285502585
-0.292250862,-0.291632762
-0.294570917,-0.282502565
-0.281630034,-0.27913709
-0.274560489,-0.264769821
-0.26942885,-0.285574736
-0.282809853,-0.305276118
-0.300413267,-0.311610713
-0.31063003,-0.306063992
-0.315007384,-0.304493292
-0.305499352,-0.304887229
-0.307857263,-0.327328804
-0.326288547,-0.338075068
-0.336991453,-0.353332131
-0.350043668,-0.351575529
-0.359057837,-0.360627683
-0.357281911,-0.299468599
-0.302404249,-0.292199513
-0.289412369,-0.296410304
-0.309038809,-0.314349884
-0.319333387,-0.322743984
-0.329828004,-0.339532817
-0.334319656,-0.331662111
-0.33884518,-0.340320691
-0.341317456,-0.318307641
-0.333446086,-0.326733872
-0.327729309,-0.329156207
-0.322086298,-0.315521181
-0.314542904,-0.300349673
-0.297526265,-0.287510291
-0.292248405,-0.295423159
-0.292641678,-0.288298165
-0.289289619,-0.263232081
-0.26599907,-0.197303764
-0.207698547,-0.169032227
-0.161300546,-0.142315413
-0.126909283,-0.141322388
-0.136800797,-0.151506838
-0.152494308,-0.112531742
-0.103182242,-0.109024492
-0.119161208,-0.097894212
-0.09887969,-0.071187917
-0.055661813,-0.060905274
-0.058380669,-0.047409443
-0.106429016,-0.114895363
-0.102990856,-0.084900171
-0.072548248,-0.081622154
-0.076542945,-0.091868617
-0.085441912,-0.099781485
-0.120069082,-0.09390179
-0.092393728,-0.089332912
-0.080531498,-0.089726849
-0.095667839,-0.098838338
-0.097309581,-0.091750846
-0.089028514,-0.097119944
-0.095602358,-0.102539044
-0.104778785,-0.096659349
-0.097634204,-0.109680237
-0.115795888,-0.106252503
-0.102175487,-0.110468111
-0.106351877,-0.092039266
-0.100455765,-0.104902666
-0.100849038,-0.112930331
-0.113901203,-0.106954761
-0.104141852,-0.108616125
-0.08724947,-0.095241967
-0.090075835,-0.090721864
-0.084408405,-0.093566784
-0.100714907,-0.119155003
-0.107366078,-0.103028998
-0.095320881,-0.097211651
-0.090824145,-0.085409874
-0.080386708,-0.087010112
-0.081971848,-0.094703441
-0.095667009,-0.095097378
-0.092397237,-0.093046325
-0.095229537,-0.109550686
-0.106748133,-0.098736194
-0.097240101,-0.09790009
-0.097633374,-0.106968367
-0.105434183,-0.101151021
-0.100876925,-0.11026251
-0.081944139,-0.054845332
-0.052443426,-0.070063575
-0.068711033,-0.061282951
-0.06110417,-0.058279397
-0.058107576,-0.064348731
-0.065303668,-0.035909875
-0.1123257,-0.106777766
-0.11021894,-0.123566629
-0.127090271,-0.155717269
-0.152587898,-0.160226451
-0.159802553,-0.151070312
-0.152021265,-0.135505463
-0.129953715,-0.145146682
-0.140791223,-0.136293336
-0.133330938,-0.143274978
-0.138946186,-0.138391826
-0.140653519,-0.140099823
-0.137114928,-0.137869084
-0.140126005,-0.151526386
-0.15787748,-0.155968924
-0.154211195,-0.153660154
-0.157307174,-0.162206438
-0.167276687,-0.162600375
-0.160811116,-0.157544672
-0.159843845,-0.140626643
-0.149484026,-0.158332546
-0.159273539,-0.162808134
-0.162384208,-0.171466747
-0.169636325,-0.167711253
-0.170029598,-0.170867658
-0.169043528,-0.168499127
-0.1639573,-0.166145807
-0.167082817,-0.176221951
-0.181365892,-0.203882302
-0.210752801,-0.199870928
-0.199346093,-0.20614728
-0.207081634,-0.223084099
-0.216430398,-0.223478036
-0.222884345,-0.217792877
-0.217216944,-0.203304741
-0.18552924,-0.180772048
-0.173369531,-0.164635537
-0.153517143,-0.141215472
-0.142145178,-0.148111445
-0.156956213,-0.157752664
-0.158681043,-0.14759213
-0.139463947,-0.149293256
-0.148913117,-0.145775833
-0.14670222,-0.135886611
-0.133010038,-0.133742473
-0.13975663,-0.149561814
-0.153104014,-0.155205138
-0.156128869,-0.154281553
-0.152579944,-0.140407319
-0.137508051,-0.143365361
-0.146864454,-0.147630312
-0.157701961,-0.15454324
-0.154153036,-0.148418186
-0.15323912,-0.143657413
-0.140745063,-0.14405135
-0.14368936,-0.143164877
-0.149224092,-0.149993934
-0.149617365,-0.168859611
-0.165759957,-0.178751789
-0.170169312,-0.160326319
-0.162562422,-0.155470868
-0.151190457,-0.137914146
-0.131327755,-0.132050185
-0.123110767,-0.123812567
-0.121070947,-0.124206504
-0.194510523,-0.198224013
-0.194903796,-0.221810526
-0.230194952,-0.25122021
-0.248995194,-0.257943339
-0.247828405,-0.244207621
-0.235913376,-0.227857239
-0.222812554,-0.231254185
-0.229158308,-0.230144363
-0.228056813,-0.235063213
-0.234456159,-0.229432987
-0.225867163,-0.234338228
-0.2307314,-0.23322387
-0.234127682,-0.232114048
-0.233017196,-0.234011744
-0.233410469,-0.240466355
-0.244426287,-0.242387009
-0.240239379,-0.232190545
-0.233091038,-0.217834129
-0.210088218,-0.203900452
-0.20338918,-0.207127255
-0.206607316,-0.210370199
-0.207000589,-0.215068319
-0.217408494,-0.222719271
-0.220700323,-0.223113208
-0.222549199,-0.230871076
-0.230284741,-0.235735978
-0.233645414,-0.228700329
-0.225188872,-0.22032212
-0.216886282,-0.205022915
-0.200328795,-0.194305261
-0.193825381,-0.191959468
-0.195590395,-0.197847993
-0.205692735,-0.205196138
-0.207488532,-0.195881009
-0.192666228,-0.193535215
-0.194423757,-0.198044398
-0.198932276,-0.186192837
-0.184399082,-0.191992226
-0.192878776,-0.191029312
-0.190562018,-0.191423249
-0.199129852,-0.205554333
-0.205048071,-0.197660763
-0.199916398,-0.198054699
-0.200309671,-0.198448636
-0.200702944,-0.193392933
-0.187545266,-0.185722187
-0.183943847,-0.183456546
-0.180374091,-0.179887454
-0.178142689,-0.182919917
-0.18247816,-0.174139293
-0.172427199,-0.171942553
-0.175411149,-0.162105933
-0.159200072,-0.156210485
-0.155838607,-0.140612885
-0.134277156,-0.134989937
-0.129919804,-0.135383874
-0.133871836,-0.14666091
-0.147534845,-0.137369323
-0.135850248,-0.14258257
-0.142246017,-0.122807691
-0.119049976,-0.10381498
-0.101341742,-0.114378723
-0.142219535,-0.138141432
-0.123698041,-0.139732945
-0.188377255,-0.203989068
-0.204857691,-0.211241849
-0.214879896,-0.232795482
-0.232223929,-0.241910562
-0.239853211,-0.223597299
-0.227296132,-0.232538444
-0.22911188,-0.232932381
-0.238126048,-0.240562327
-0.241426303,-0.255750264
-0.253619558,-0.250173986
-0.252522518,-0.259550192
-0.258903881,-0.245062057
-0.238645235,-0.236734851
-0.233291324,-0.214589749
-0.211334496,-0.20543361
-0.204943411,-0.207180726
-0.214860772,-0.206221484
-0.207079484,-0.2079686
-0.208825937,-0.207009358
-0.20786603,-0.204707873
-0.205563881,-0.209150411
-0.207303049,-0.209544348
-0.207696322,-0.207235578
-0.205401419,-0.210332222
-0.209832395,-0.209372979
-0.211578848,-0.208417389
-0.206581238,-0.208811326
-0.216447045,-0.214625365
-0.211405487,-0.210948727
-0.21179876,-0.209993137
-0.209496611,-0.207698898
-0.205873802,-0.179439159
-0.169022654,-0.197876304
-0.19220469,-0.193048266
-0.192597963,-0.185710067
-0.182734445,-0.192539124
-0.195981915,-0.194230077
-0.191193769,-0.201160049
-0.199379431,-0.189849921
-0.188129208,-0.178807538
-0.182169162,-0.170483923
-0.168862931,-0.172113982
-0.171719261,-0.171271797
-0.167198495,-0.171665734
-0.168815786,-0.17205967
-0.180361928,-0.190043374
-0.188331096,-0.194288417
-0.188724369,-0.178204296
-0.175315022,-0.171172362
-0.165904068,-0.17279634
-0.172402388,-0.180634576
-0.177733968,-0.179780044
-0.184369543,-0.196652039
-0.196199136,-0.18306795
-0.181401352,-0.184716592
-0.186807223,-0.201714879
-0.206458345,-0.228781781
-0.220114982,-0.221023371
-0.217827286,-0.210750247
-0.208948779,-0.215117711
-0.213294638,-0.224907889
-0.184154263,-0.170188495
-0.169804468,-0.149201466
-0.152359929,-0.155443445
-0.15392282,-0.152320344
-0.160205465,-0.180332346
-0.176243773,-0.19196273
-0.185268601,-0.18359547
-0.188155643,-0.176600118
-0.172557379,-0.163724318
-0.168131342,-0.173733927
-0.176989167,-0.177781928
-0.182284435,-0.18805272
-0.185146847,-0.193459255
-0.196804666,-0.198916521
-0.202287036,-0.207002941
-0.207821768,-0.194641066
-0.192946663,-0.18753484
-0.188352339,-0.194171079
-0.197506809,-0.19708391
-0.199164304,-0.189958916
-0.193268191,-0.181721298
-0.182536141,-0.187029274
-0.186610438,-0.1812882
-0.183322687,-0.192779963
-0.19110525,-0.1919286
-0.189023273,-0.189841145
-0.190652669,-0.195210243
-0.193527334,-0.191868146
-0.193920607,-0.195998116
-0.193071615,-0.200156183
-0.202226085,-0.204342802
-0.206421654,-0.192204767
-0.193012307,-0.18767256
-0.187255417,-0.190523502
-0.19256273,-0.189687398
-0.186820992,-0.174360616
-0.177552137,-0.164153431
-0.160317251,-0.164547367
-0.157258242,-0.166108137
-0.169252952,-0.148151409
-0.152343504,-0.145178359
-0.142635407,-0.153464196
-0.151997521,-0.15842437
-0.161523459,-0.189560876
-0.195262444,-0.201052639
-0.201851548,-0.210251856
-0.209782674,-0.208114145
-0.210175947,-0.199746885
-0.196835536,-0.190312505
-0.189893721,-0.181067599
-0.179482233,-0.177894371
-0.177505836,-0.164268655
-0.162764064,-0.176318176
-0.178292382,-0.174359114
-0.176327162,-0.179470118
-0.181448598,-0.178680596
-0.185417597,-0.172032169
-0.171658939,-0.163187977
-0.156032551,-0.133606237
-0.135474572,-0.145996349
-0.13911815,-0.132243571
-0.133031857,-0.142388595
-0.244728718,-0.231106761
-0.227992533,-0.238071089
-0.233594181,-0.2358265
-0.233987454,-0.241511486
-0.24362801,-0.245910781
-0.246695083,-0.24229936
-0.241754978,-0.246698655
-0.246142942,-0.239113707
-0.235953819,-0.235565446
-0.238971768,-0.224315888
-0.22509687,-0.217095472
-0.21787579,-0.213725279
-0.215756497,-0.204217912
-0.207453907,-0.199733766
-0.198090782,-0.202560795
-0.203338457,-0.200521639
-0.212341992,-0.198494266
-0.201691911,-0.206187596
-0.206963267,-0.202918488
-0.204911549,-0.20697547
-0.20287173,-0.201279175
-0.200843693,-0.1920805
-0.194042604,-0.185398854
-0.188518625,-0.184623173
-0.184228028,-0.189712032
-0.192847123,-0.188928085
-0.187351024,-0.197625911
-0.199593182,-0.196825077
-0.196402242,-0.200811869
-0.203989877,-0.203615447
-0.203176849,-0.200399234
-0.202366782,-0.20199368
-0.201559547,-0.198794761
-0.200755244,-0.203984894
-0.202346093,-0.204378831
-0.207558675,-0.207188229
-0.205536487,-0.213672398
-0.214435454,-0.214066335
-0.220993998,-0.214460272
-0.217679005,-0.229780676
-0.228022846,-0.236527933
-0.239852438,-0.249875981
-0.249325101,-0.248959302
-0.241925985,-0.24156085
-0.235917128,-0.251057791
-0.251815535,-0.258056838
-0.258813918,-0.267847016
-0.265900725,-0.266887773
-0.267643525,-0.276831786
-0.277586875,-0.281375154
-0.287716223,-0.288762205
-0.288109496,-0.309273779
-0.312968057,-0.318543715
-0.316319951,-0.313002835
-0.307889439,-0.311924018
-0.309742566,-0.318235214
-0.320475967,-0.330677915
-0.328388171,-0.331071852
-0.371461366,-0.384484902
-0.385233351,-0.425465487
-0.415303759,-0.422196408
-0.4472474,-0.44498217
-0.445728626,-0.447288153
-0.457705418,-0.441967702
-0.437063059,-0.427435172
-0.415474791,-0.437105804
-0.43226296,-0.419115335
-0.416261337,-0.44354345
-0.436766992,-0.434556258
-0.435298067,-0.436812392
-0.437553538,-0.440951662
-0.436084613,-0.430192731
-0.425448038,-0.421478956
-0.418620975,-0.425496094
-0.419014248,-0.416880787
-0.415836081,-0.404928429
-0.4004662,-0.412340018
-0.409555378,-0.418062598
-0.422382673,-0.425650896
-0.424577748,-0.422434713
-0.423169219,-0.42643877
-0.423562492,-0.432297237
-0.433030415,-0.436367658
-0.437100172,-0.446072842
-0.44305936,-0.455954766
-0.454773905,-0.444984543
-0.441983708,-0.449137892
-0.444239179,-0.453319722
-0.459785157,-0.442434997
-0.437618189,-0.428175884
-0.423517707,-0.417855136
-0.416818669,-0.418249073
-0.422521722,-0.416879341
-0.415847746,-0.426154498
-0.430476843,-0.448529975
-0.445523165,-0.447054753
-0.442212721,-0.436378138
-0.435279862,-0.445980429
-0.446702984,-0.451981896
-0.454587026,-0.467644226
-0.474213467,-0.466103926
-0.468758726,-0.4881975
-0.482905309,-0.486579364
-0.493359273,-0.480985211
-0.481703782,-0.491399514
-0.498227471,-0.485757166
-0.486474409,-0.476249799
-0.471118364,-0.476643736
-0.481296675,-0.473131406
-0.477752924,-0.456315202
-0.45142226,-0.454832966
-0.463094195,-0.458986316
-0.459699575,-0.459380253
-0.461983208,-0.45789095
-0.462376481,-0.46395602
-0.462769754,-0.456802651
-0.457513255,-0.457196588
-0.457906528,-0.459466698
-0.462059213,-0.465531767
-0.466240379,-0.475522965
-0.474296676,-0.470136496
-0.467026925,-0.466713578
-0.469325006,-0.467107515
-0.465915938,-0.46183032
-0.473942985,-0.467895389
-0.470504825,-0.489651824
-0.490355788,-0.516528503
-0.517231803,-0.54933121
-0.563609327,-0.50491906
-0.511781268,-0.501247938
-0.499929043,-0.505706934
-0.508452569,-0.474469802
-0.480950188,-0.457912934
-0.456763822,-0.471440822
-0.472139474,-0.475651613
-0.486021074,-0.483767704
-0.461647358,-0.465075327
-0.460185343,-0.448893176
-0.445979052,-0.433242971
-0.428702617,-0.358822302
-0.376415645,-0.40340902
-0.404103025,-0.402155511
-0.397938833,-0.402549448
-0.404889571,-0.398033366
-0.397099363,-0.39034959
-0.389440901,-0.385958768
-0.385064668,-0.3927426
-0.393432622,-0.397983098
-0.401929792,-0.401634372
-0.407249209,-0.402028309
-0.404352999,-0.402422246
-0.403109611,-0.394712285
-0.400245547,-0.396716528
-0.397402566,-0.400346719
-0.402658109,-0.395894096
-0.393373631,-0.380463905
-0.382708013,-0.391881899
-0.392565281,-0.406816466
-0.399368931,-0.418819537
-0.422868603,-0.429383306
-0.430064696,-0.428067841
-0.421968809,-0.43017118
-0.430851242,-0.444454927
-0.459420998,-0.459135537
-0.463450647,-0.461344356
-0.462022426,-0.459923411
-0.462415699,-0.458509029
-0.459185771,-0.462526167
-0.461387363,-0.464741598
-0.461780636,-0.454304796
-0.453197015,-0.447606422
-0.446523039,-0.456881579
-0.459350334,-0.486804362
-0.495140145,-0.483410406
-0.474736443,-0.470768236
-0.469604804,-0.474852223
-0.482985807,-0.478963645
-0.48337908,-0.477495385
-0.483772353,-0.477889321
-0.480420294,-0.476427971
-0.477096081,-0.476821907
-0.48120684,-0.475367415
-0.479737915,-0.473919731
-0.470922834,-0.467014275
-0.467679731,-0.463798092
-0.466264685,-0.484378237
-0.479455719,-0.479185529
-0.476158942,-0.449049366
-0.510786128,-0.502704614
-0.507257816,-0.520851878
-0.513545061,-0.550179528
-0.550840336,-0.565693394
-0.566353538,-0.555240929
-0.549503738,-0.562114432
-0.562773248,-0.553887474
-0.550290284,-0.560733107
-0.563559794,-0.567663079
-0.568319902,-0.572462326
-0.573118486,-0.561914918
-0.562570414,-0.562308855
-0.55651199,-0.569238826
-0.567704809,-0.567444578
-0.561590404,-0.561330837
-0.559833138,-0.563884603
-0.564536779,-0.562118711
-0.562770223,-0.556088583
-0.554616287,-0.55224521
-0.55079008,-0.561149983
-0.561799503,-0.563694459
-0.55791925,-0.55766433
-0.556189379,-0.573178196
-0.569458889,-0.56487627
-0.567682963,-0.57396607
-0.570245435,-0.574360007
-0.577203347,-0.588088054
-0.584248597,-0.575147881
-0.575792089,-0.577739621
-0.578383166,-0.575935754
-0.57439045,-0.582952298
-0.581377219,-0.572356792
-0.572998345,-0.577117565
-0.577758454,-0.5666651
-0.571615693,-0.567059037
-0.572008966,-0.571763341
-0.563818345,-0.576505128
-0.572795512,-0.570391387
-0.566737088,-0.570785324
-0.573582058,-0.573339089
-0.571815502,-0.571573198
-0.572208775,-0.565543069
-0.561940673,-0.541035569
-0.535633534,-0.53140914
-0.530062527,-0.520037839
-0.514890355,-0.512739324
-0.513371581,-0.515045307
-0.517596287,-0.513527198
-0.514158127,-0.521613587
-0.530056504,-0.543793127
-0.556718419,-0.571220699
-0.552979441,-0.558955694
-0.545209275,-0.555200234
-0.553765987,-0.533368311
-0.54802422,-0.545762812
-0.642023281,-0.629683818
-0.635117161,-0.649592408
-0.642809827,-0.657505277
-0.653104404,-0.662975395
-0.661054489,-0.663369332
-0.646446651,-0.64131563
-0.637083526,-0.664157205
-0.662234308,-0.688054172
-0.688675143,-0.710309526
-0.702619367,-0.707917943
-0.70301264,-0.70831188
-0.708930859,-0.711491337
-0.709324132,-0.720336172
-0.720953823,-0.74697521
-0.747592197,-0.762567871
-0.763184194,-0.718685116
-0.719300775,-0.668096575
-0.673839815,-0.67620277
-0.674233088,-0.676596707
-0.677210374,-0.611521941
-0.616701182,-0.628083552
-0.633412959,-0.621484375
-0.624416238,-0.633588494
-0.636574805,-0.638744367
-0.681774145,-0.678960329
-0.684778388,-0.687187317
-0.693087386,-0.687581254
-0.688189609,-0.717794328
-0.7156165,-0.70441327
-0.710484827,-0.715796682
-0.719188566,-0.716190619
-0.716796319,-0.716584556
-0.719975112,-0.745557673
-0.752079303,-0.722959075
-0.749505176,-0.731851792
-0.712844465,-0.758644832
-0.750291722,-0.741285406
-0.736106717,-0.724534823
-0.733634655,-0.705642608
-0.714417557,-0.716965964
-0.728739327,-0.745776611
-0.734814474,-0.728927477
-0.732358739,-0.723703383
-0.732752012,-0.715786854
-0.708209361,-0.699963169
-0.695268523,-0.708400167
-0.711705938,-0.711504135
-0.701346119,-0.667713508
-0.670801689,-0.717756538
-0.712885757,-0.707280493
-0.705192608,-0.699674267
-0.697628161,-0.700068204
-0.705979154,-0.705781334
-0.706372427,-0.722481081
-0.725841598,-0.745477715
-0.737471288,-0.754618222
-0.761124582,-0.749164145
-0.741106842,-0.75247354
-0.758943728,-0.767705382
-0.765289482,-0.765096309
-0.756780416,-0.750739893
-0.73699806,-0.745353424
-0.740224199,-0.720531925
-0.723856109,-0.729190538
-0.729774328,-0.721319799
-0.724642655,-0.713583484
-0.711484976,-0.695505681
-0.698684884,-0.688187359
-0.688768493,-0.712084326
-0.712664795,-0.699284897
-0.699864703,-0.691926718
-0.687403779,-0.687218574
-0.680240241,-0.695285289
-0.703655492,-0.677955868
-0.681026787,-0.675868413
-0.676444899,-0.656842451
-0.657418273,-0.647802099
-0.657811546,-0.632102708
-0.632677203,-0.646258968
-0.653858725,-0.646652905
-0.649557076,-0.640118332
-0.647619345,-0.652113706
-0.650343622,-0.654860642
-0.653078817,-0.639011811
-0.646478976,-0.619268818
-0.622036468,-0.637521779
-0.635823387,-0.637915716
-0.640762141,-0.649804401
-0.650372256,-0.659588332
-0.664917459,-0.681777467
-0.682343994,-0.669945868
-0.675366133,-0.687540502
-0.690611969,-0.690440707
-0.691005242,-0.690834644
-0.686398478,-0.693747476
-0.691791788,-0.659981822
-0.665283733,-0.655680838
-0.656242717,-0.637724109
-0.638285325,-0.638118046
-0.643203511,-0.612190141
-0.608494688,-0.604109257
-0.606773794,-0.615119344
-0.613536575,-0.609116611
-0.609674507,-0.613765889
-0.620774817,-0.629345361
-0.634326732,-0.638628412
-0.639184316,-0.627935431
-0.632895981,-0.611086296
-0.615896212,-0.605164315
-0.609919978,-0.613997313
-0.612427418,-0.593554872
-0.602338086,-0.612662044
-0.613213964,-0.617311321
-0.61573038,-0.613449917
-0.607684592,-0.577092609
-0.581595123,-0.573564961
-0.583976468,-0.595918494
-0.592402035,-0.580246807
-0.576857719,-0.535326733
-0.537682324,-0.525005984
-0.516795768,-0.509746442
-0.512007652,-0.496626056
-0.490548729,-0.497019993
-0.499234058,-0.500758421
-0.502983046,-0.519958016
-0.538233643,-0.538084291
-0.538626916,-0.542101429
-0.559280768,-0.588154447
-0.604891476,-0.636602044
-0.619899604,-0.668680757
-0.664569534,-0.624402186
-0.612282549,-0.614224865
-0.612675822,-0.644800399
-0.636527583,-0.654163177
-0.680228107,-0.697035491
-0.685406101,-0.717532619
-0.755319896,-0.757947935
-0.752958311,-0.683653179
-0.6794259,-0.701080377
-0.704095763,-0.677315048
-0.673153456,-0.689642715
-0.687765739,-0.675749922
-0.66928881,-0.688020948
-0.686154201,-0.660370122
-0.667765885,-0.674589811
-0.682178811,-0.711319365
-0.699441138,-0.692006336
-0.694956328,-0.687592548
-0.695349601,-0.715020071
-0.718079073,-0.728202447
-0.739200714,-0.736429435
-0.731719816,-0.752867514
-0.758857406,-0.747855998
-0.740380533,-0.756380187
-0.748773969,-0.756774124
-0.751862664,-0.73839912
-0.731088775,-0.736168381
-0.731482048,-0.736562318
-0.729291307,-0.711440508
-0.704553687,-0.721885025
-0.719873427,-0.70974699
-0.710266377,-0.707671788
-0.705733506,-0.698309327
-0.701248696,-0.682074613
-0.677940816,-0.673209035
-0.669159528,-0.642481847
-0.642997914,-0.61357868
-0.62229098,-0.632608346
-0.635237251,-0.612338155
-0.61896228,-0.648386622
-0.644571006,-0.657552706
-0.651471957,-0.657946643
-0.65186523,-0.603893537
-0.602424758,-0.566100976
-0.575888426,-0.610669501
-0.609175584,-0.58371285
-0.558290566,-0.552789032
-0.553297795,-0.530491446
-0.536145384,-0.553576906
-0.566743233,-0.555759752
-0.554477614,-0.57626607
-0.57490998,-0.556547626
-0.553481629,-0.558736895
-0.566488171,-0.544945497
-0.541965239,-0.545339434
-0.549351668,-0.547484684
-0.558626161,-0.551399759
-0.551901883,-0.551793696
-0.56481816,-0.564710637
-0.567026316,-0.557910212
-0.565604706,-0.587724371
-0.576987422,-0.569528824
-0.566391252,-0.566286385
-0.561379072,-0.557703429
-0.563567678,-0.559879897
-0.565762753,-0.574767589
-0.575263737,-0.578851576
-0.584933705,-0.56825607
-0.56514077,-0.594678208
-0.595172364,-0.580033386
-0.589872936,-0.595466082
-0.49753558,-0.385551539
-0.409124733,-0.45865397
-0.459145471,-0.429503444
-0.445252071,-0.420424847
-0.426305903,-0.437169032
-0.426699176,-0.445943045
-0.442224296,-0.42026797
-0.426132542,-0.439737805
-0.448628873,-0.440131742
-0.435093649,-0.432261003
-0.43411518,-0.42993014
-0.433140465,-0.434416865
-0.433533738,-0.436182544
-0.440804725,-0.435204739
-0.435688272,-0.443886184
-0.448564878,-0.433260368
-0.433742574,-0.417567142
-0.416731161,-0.417961079
-0.418441957,-0.411801849
-0.413585843,-0.421394459
-0.413979116,-0.408698656
-0.405316491,-0.38759749
-0.38192555,-0.368571528
-0.364309719,-0.371352103
-0.370634225,-0.351813731
-0.347713274,-0.324267438
-0.317191601,-0.327932895
-0.325136277,-0.34388368
-0.3511762,-0.366195782
-0.376193445,-0.376113808
-0.371801997,-0.340571083
-0.331076205,-0.336510599
-0.333667281,-0.342478751
-0.348586729,-0.33619108
-0.350115048,-0.359213291
-0.359682881,-0.350432667
-0.350901594,-0.351964287
-0.346769953,-0.348952966
-0.340451723,-0.31334445
-0.313811385,-0.262745161
-0.251004287,-0.278584373
-0.27904998,-0.245790784
-0.245339115,-0.287277542
-0.273020434,-0.269096513
-0.308463077,-0.30220776
-0.30267071,-0.319269941
-0.295942836,-0.278991047
-0.261233966,-0.278409351
-0.27887031,-0.277829602
-0.283177494,-0.28507964
-0.289499684,-0.296441129
-0.301966015,-0.288834903
-0.286325817,-0.291216912
-0.30993214,-0.283705553
-0.281229948,-0.29300177
-0.293458082,-0.280587161
-0.281042808,-0.285868694
-0.280464241,-0.27846521
-0.276026587,-0.281768972
-0.2773823,-0.247407103
-0.248768381,-0.25695884
-0.250983148,-0.257352777
-0.255959422,-0.275622565
-0.229464479,-0.219899772
-0.212703427,-0.151605371
-0.14759733,-0.131528597
-0.135572171,-0.141322675
-0.14616987,-0.143911182
-0.139979277,-0.141381137
-0.139646351,-0.158072833
-0.16457986,-0.187932631
-0.194809308,-0.185141847
-0.178494579,-0.172222578
-0.165759679,-0.161912715
-0.1555945,-0.157039509
-0.152270269,-0.163457609
-0.183207396,-0.172255116
-0.171926979,-0.165762933
-0.164686524,-0.154886664
-0.150889146,-0.139197358
-0.140356995,-0.151973545
-0.158347411,-0.159797067
-0.155764487,-0.133945903
-0.120377118,-0.094755745
-0.081599729,-0.097781264
-0.09296827,-0.092273483
-0.092709212,-0.108562815
-0.104976414,-0.106272184
-0.105369687,-0.093455294
-0.090640175,-0.099091738
-0.098209022,-0.106117097
-0.104550822,-0.112555411
-0.128077483,-0.116339204
-0.107336052,-0.105965543
-0.103078117,-0.117807797
-0.13839316,-0.153477288
-0.168744283,-0.200576934
-0.20100536,-0.228182856
-0.234578307,-0.225198405
-0.227311843,-0.242717328
-0.242273419,-0.217638847
-0.213942566,-0.219691159
-0.203774956,-0.217599572
-0.212272127,-0.208984284
-0.203758271,-0.208567173
-0.206565081,-0.199330002
-0.195005586,-0.193404746
-0.198558424,-0.179865869
-0.181050951,-0.198132728
-0.188372753,-0.181417703
-0.179549147,-0.178003534
-0.17994242,-0.172364221
-0.170538874,-0.155083285
-0.15261508,-0.152591214
-0.149424094,-0.15154837
-0.151964844,-0.165761338
-0.170621653,-0.153054101
-0.156351097,-0.168766526
-0.164022512,-0.162537838
-0.165884214,-0.188424563
-0.178182835,-0.179671912
-0.189230991,-0.189982278
-0.158317462,-0.17073621
-0.158710735,-0.177091464
-0.170800437,-0.173007763
-0.175651423,-0.170438731
-0.167902389,-0.156993471
-0.191590629,-0.190039961
-0.186628061,-0.154202218
-0.162517551,-0.120813511
-0.12793153,-0.135407188
-0.125629381,-0.148301764
-0.149410697,-0.142406332
-0.140040768,-0.14072125
-0.134939453,-0.150892025
-0.155544534,-0.175117181
-0.174042608,-0.179968831
-0.181117506,-0.19092122
-0.174092253,-0.161720714
-0.170086674,-0.159249316
-0.181550518,-0.163947436
-0.173067791,-0.212717433
-0.186834841,-0.18307926
-0.173121754,-0.176054671
-0.17424761,-0.163366478
-0.15522795,-0.1159097
-0.108543477,-0.06728736
-0.054846396,-0.053119989
-0.044413059,-0.040482052
-0.034761334,-0.055057315
-0.053727362,-0.049161826
-0.049554398,-0.051263205
-0.054513908,-0.048248068
-0.039104527,-0.043011293
-0.038387896,-0.044526333
-0.044355384,-0.074987101
-0.07597267,-0.067106654
-0.058203462,-0.058784474
-0.043856425,-0.016681832
-0.006597516,-0.011289244
0.005797633,0.027532875
0.029077445,0.027138938
0.029646612,0.042921491
0.045803332,0.035929892
0.030300331,0.036010125
0.04175034,0.05009639
0.053383515,0.040408514
0.047013198,0.053435094
0.063894332,0.077979559
0.0819242,0.075844978
0.083250617,0.08108613
0.067605642,0.07982936
0.082464071,0.100157195
0.108403675,0.07774448
0.063763864,0.079079152
0.083425591,0.067782035
0.070921011,0.071340695
0.071839489,0.070946758
0.070572112,0.062171481
0.064016774,0.065323654
0.067153963,0.072382731
0.074614267,0.069808232
0.067246172,0.058813201
0.048522692,0.038380172
0.03940161,0.029551156
0.009419558,-0.008114944
-0.022948084,-0.005463165
-0.003811633,-0.011455108
-0.006225109,-0.012873658
-0.016843677,-0.005129071
-0.00348165,0.020527096
0.034326345,0.015804167
0.015438816,0.023556077
0.026979283,0.030241051
0.027528494,0.027027538
0.026192737,0.015193646
0.039753823,0.090288317
0.08659845,0.098933217
0.102222988,0.096907959
0.105454385,0.15029602
0.165110558,0.137271391
0.133893142,0.146933676
0.154621931,0.14135065
0.157123019,0.146882703
0.150924171,0.143164035
0.140578505,0.134171772
0.131548123,0.135283859
0.133045219,0.122327407
0.114984976,0.128063809
0.13826024,0.159748688
0.169996399,0.169256055
0.166094326,0.170260719
0.158608743,0.162834324
0.167766537,0.199291983
0.207098027,0.173943448
0.194584938,0.190546389
0.177675172,0.153406871
0.140306994,0.120695713
0.119195119,0.120685368
0.121486919,0.120674728
0.12793267,0.126752144
0.135030167,0.130501344
0.136492191,0.15140284
0.171138253,0.164134875
0.153889467,0.157398381
0.154566466,0.152730884
0.1455461,0.140392842
0.138950629,0.134103485
0.140755177,0.166349311
0.166008527,0.145399683
0.140699073,0.15503476
0.149705941,0.143525255
0.156425157,0.139857383
0.126579552,0.139463446
0.140947484,0.138704404
0.140190434,0.139040411
0.139433119,0.15089493
0.152335665,0.167985292
0.169365757,0.170674618
0.158941018,0.153612454
0.157498403,0.153571508
0.12604823,0.120366983
0.122290452,0.129305156
0.128973667,0.113132297
0.109738678,0.11273836
0.106263697,0.099195941
0.088972967,0.080850344
0.089378397,0.099582226
0.092959723,0.105404369
0.110453273,0.100745201
0.105840542,0.110756244
0.109284601,0.10614935
0.11459263,0.110730583
0.114577152,0.123861124
0.120935681,0.120493204
0.120914856,0.12786857
0.131567659,0.115587012
0.12012831,0.127080696
0.052064332,-0.012041022
-0.01381748,-0.009054905
-0.001734087,-0.02360303
-0.022439634,-0.019561295
-0.018410266,-0.027370079
-0.02768829,-0.020840051
-0.007590887,0.007863379
0.005224143,0.020278914
0.025800217,0.028393939
0.034695138,0.035054786
0.045138874,0.089743379
0.05113685,0.024540687
0.014763118,0.027705481
0.035744448,0.033041008
0.036222234,0.016164515
0.012672575,0.008930543
0.015912375,0.008536606
0.013705865,0.012257882
0.005993164,0.012773884
0.010187053,0.01780495
0.025082748,0.020548617
0.022914852,0.008400102
0.008093179,0.006631877
0.003565746,0.021595975
0.022623153,0.05516438
0.070811737,0.069109828
0.085877497,0.089288393
0.096677279,0.064266766
0.041904497,0.056076217
0.065602259,0.050276818
0.047880516,0.041875985
0.022966213,0.029878586
0.036486868,0.026869106
0.0348055,0.047445325
0.057926193,0.075956465
0.103357537,0.125943172
0.129919105,0.139654563
0.131295718,0.131904976
0.139311919,0.128325182
0.116534798,0.103180912
0.112128347,0.096403107
0.089642405,0.071614121
0.070128554,0.066435425
0.069735281,0.052642394
0.060918221,0.093313355
0.083453864,0.086433287
0.095651904,0.098928585
0.107908085,0.115098576
0.113358589,0.117592731
0.127282673,0.131394197
0.132503489,0.103674977
0.100793761,0.117489659
0.121138262,0.112766695
0.093651986,0.100641991
0.105522425,0.102837799
0.104761901,0.111584884
0.107664142,0.114081126
0.118101624,0.123673246
0.127959681,0.121510641
0.156126181,0.143635251
0.151084789,0.121077008
0.111142498,0.114626707
0.119339263,0.101895418
0.105640642,0.105161834
0.108516547,0.09221184
0.093799844,0.086932478
0.08514191,0.081986162
0.089648794,0.093268855
0.094850492,0.080817037
0.067011331,0.06962855
0.0642614,0.040770013
0.037184356,0.044893546
0.058727987,0.065711301
0.075139747,0.075403052
0.080858079,0.059803252
0.052755804,0.047794858
0.051157238,0.048614994
0.050361541,0.035116306
0.041032195,0.039676988
0.032374278,0.051859758
0.059934805,0.05226648
0.052398579,0.049064686
0.052804008,0.04056024
0.030801186,0.036884916
0.038262543,0.05744491
0.063064529,0.069907152
0.07423693,0.076768003
0.064612634,0.066032851
0.069624833,0.063311508
0.062270879,0.053894198
0.05125145,0.038225757
0.046463436,0.049929192
0.054032107,0.039474553
0.035952119,0.035817965
0.032686428,0.037058015
0.039646241,0.047156805
0.056784666,0.068641337
0.074840816,0.069774117
0.067608519,0.092466928
0.101584159,0.079917699
0.071770628,0.075405444
0.073267724,0.048374543
0.057547595,0.041595849
0.049310994,0.052714924
0.053246777,0.052320987
0.053245209,0.05231937
0.054025176,0.050354341
0.050889998,0.077138929
0.072773869,0.072629755
0.075003295,0.073361512
0.068594918,0.068827521
0.069712219,0.077422618
0.086370266,0.085494085
0.082319318,0.09162672
0.090299029,0.102629277
0.106591696,0.102939086
0.103748306,0.103949643
0.103004025,0.100037029
0.101204282,0.096454979
0.088332664,0.091778364
0.094395698,0.086341179
0.090784675,0.096338155
0.09963119,0.101235259
0.053164829,0.028480525
0.033083973,0.01493876
0.021317352,0.007416816
-0.017934556,-0.034796458
-0.041038362,-0.030620005
-0.019165359,-0.03973374
-0.036739351,-0.037818195
-0.03346625,-0.02592205
0.013587976,0.008839504
0.009024521,0.013449774
0.008631248,-0.00125491
-0.021524997,-0.027497798
-0.023253372,-0.021636053
-0.02543236,-0.029636404
-0.032579476,-0.028679609
-0.033880167,-0.031326825
-0.028853338,-0.023656058
-0.021667328,-0.01830534
-0.014594495,-0.02045984
-0.01717214,-0.018215272
-0.018003443,-0.019926721
-0.019713072,-0.019881087
-0.021866908,-0.012861017
-0.01743348,-0.029981871
-0.034250773,-0.045831591
-0.044211538,-0.04346307
-0.047372321,-0.051257734
-0.045918871,-0.085383141
-0.092632612,-0.091795199
-0.092520616,-0.087668756
-0.08440091,-0.086066684
-0.080837687,-0.091465687
-0.090177489,-0.0809139
-0.082610402,-0.094269691
-0.090964035,-0.084168487
-0.084879882,-0.083574259
-0.083790221,-0.076132588
-0.06150714,-0.044075101
-0.043379796,-0.045837015
-0.039248134,-0.044862974
-0.045076281,-0.049372124
-0.056054374,-0.066099776
-0.07396008,-0.070303251
-0.070992817,-0.067362269
-0.065677184,-0.066807417
-0.066070457,-0.080164176
-0.073610094,-0.047620533
-0.019933506,-0.02270944
0.00034258,0.000982381
0.00365452,-0.009411879
-0.00417688,0.006751972
-0.004986656,-0.012731422
-0.021039266,-0.007237976
-0.002865022,-0.000162882
-0.013723307,-0.005523742
-0.004480735,-0.010514477
-0.011137162,0.000300044
9.80E-05,0.011671354
0.015065705,0.016065956
0.016658897,0.018049182
0.024523776,0.028988281
0.031870625,0.01962726
0.02217473,0.007290072
0.018641732,0.028192728
0.034897319,0.041884226
0.034123085,0.024306474
0.038282191,0.056618666
0.052037297,0.03806787
0.030268452,0.006535461
-0.009986557,-0.030511023
-0.054149649,-0.027459643
-0.025511028,-0.030004088
-0.02505031,-0.047051629
-0.033182358,-0.043450864
-0.036617783,-0.027749463
-0.031375967,-0.023880824
-0.026623402,-0.006758371
0.001183142,-0.007562321
-0.011042587,-0.023367719
-0.027803221,-0.015372166
-0.011416412,-0.028403683
-0.024341678,-0.023704202
-0.019265813,-0.014478455
-0.01177181,-0.000579856
-0.000361525,0.00343504
0.00841244,-0.014006006
-0.008033561,-0.023146524
-0.033087082,-0.027336312
-0.032624212,-0.023514397
-0.019514527,-0.030245538
-0.038137895,-0.010636827
-0.00432268,-0.022183622
-0.01986242,-0.033984917
-0.031605466,-0.042130919
-0.043177202,-0.037343468
-0.03494958,-0.049911949
-0.047016513,-0.04592372
-0.044792003,-0.045881537
-0.048678736,-0.048022199
-0.049072009,-0.062614102
-0.060542386,-0.056302504
-0.063631059,-0.072484869
-0.072657011,-0.085878598
-0.082301233,-0.095290365
-0.092119846,-0.117214026
-0.117884438,-0.127199352
-0.120786506,-0.11550812
-0.118670984,-0.142466039
-0.137414923,-0.141811734
-0.167212722,-0.130818001
-0.116856761,-0.118578624
-0.128316897,-0.139862038
-0.132795991,-0.144435724
-0.133189264,-0.121760483
-0.127466259,-0.130235397
-0.12231793,-0.117563252
-0.111808875,-0.125453562
-0.122103452,-0.117855328
-0.108689154,-0.097382565
-0.098018941,-0.105439525
-0.114363297,-0.118047065
-0.121182764,-0.124411216
-0.119589939,-0.122308883
-0.115052233,-0.12021895
-0.121865306,-0.139807169
-0.083538837,-0.07601673
-0.068978575,-0.073250399
-0.075661211,-0.084103997
-0.086561974,-0.073138972
-0.074642703,-0.080772847
-0.08412717,-0.082993268
-0.085438694,-0.067627259
-0.066009571,-0.054465472
-0.05894983,-0.053997361
-0.052428566,-0.03995905
-0.038855635,-0.032877752
-0.043019316,-0.040746924
-0.033008551,-0.029560536
-0.031757088,-0.021040125
-0.013614796,-0.006791152
-0.008109471,-0.007185089
0.001942528,-0.000607561
0.008770953,-0.00138627
-0.001146418,-0.002165276
-0.004239261,0.002042079
0.000369436,0.013342355
0.012826424,0.017772208
0.014295358,0.01068671
0.015016074,0.0272186
0.024174901,0.023557858
0.032439845,0.046986418
0.059193137,0.061978336
0.061839392,0.061584399
0.06879917,0.088064547
0.093006335,0.062141515
0.049423148,0.073692394
0.072242909,0.08879355
0.09214228,0.092199531
0.090801148,0.106416498
0.115389956,0.10387335
0.0978591,0.106241008
0.101187955,0.128870583
0.121082056,0.116049969
0.120094946,0.110537045
0.114325268,0.083092657
0.087098547,0.08746825
0.082249503,0.064747713
0.071519924,0.077095412
0.081782525,0.059305571
0.055153751,0.070140644
0.073268852,0.059185237
0.052680857,0.064429837
0.065950541,0.058730815
0.062920481,0.07473179
0.075252213,0.101337525
0.112395912,0.108526384
0.107800952,0.106322995
0.093967635,0.097397505
0.101559797,0.105837152
0.109326283,0.096609631
0.101077857,0.105652792
0.10311472,0.113928756
0.115880117,0.112941685
0.108651628,0.108376052
0.106760025,0.101658662
0.100631689,0.106089848
0.108667294,0.091387498
0.094657422,0.086651062
0.119972161,0.153217521
0.172346548,0.168646845
0.180531596,0.180766583
0.178848019,0.151490442
0.151650764,0.155171497
0.146601197,0.16309547
0.166960039,0.154654119
0.165245033,0.179054305
0.181511325,0.181994547
0.179322677,0.182111608
0.182003206,0.169307532
0.168937939,0.167865353
0.170374725,0.184745629
0.190684626,0.191647442
0.187529642,0.183196944
0.187136369,0.173322814
0.167756727,0.184182563
0.184584381,0.189071671
0.18896858,0.1990793
0.196027038,0.210792492
0.217580858,0.242593079
0.256209631,0.278740113
0.298266094,0.304347174
0.309171611,0.299779073
0.285714301,0.30237025
0.304054342,0.295787346
0.295689567,0.300986769
0.309749913,0.354938954
0.378337349,0.362499945
0.35551725,0.350215473
0.334060555,0.34149101
0.355263827,0.384952657
0.387028804,0.388059334
0.384800044,0.421541272
0.4359825,0.393544226
0.408798494,0.428608205
0.413470154,0.423762959
0.432232786,0.415600065
0.409048385,0.403802383
0.417771963,0.40292762
0.402999473,0.399961332
0.401643405,0.424560813
0.4331378,0.423553177
0.420850115,0.417291337
0.412053269,0.423072247
0.417588319,0.395891805
0.392559504,0.404003942
0.392817469,0.363880319
0.364141626,0.353216219
0.34533489,0.341257995
0.346368659,0.333064148
0.321517953,0.316129002
0.310156011,0.330261239
0.332744545,0.286961978
0.281655556,0.292532312
0.320692542,0.312280543
0.312961389,0.310365694
0.317284242,0.345254577
0.34924238,0.328997718
0.324876235,0.315991866
0.323558932,0.256659433
0.273211513,0.284410137
0.267061622,0.285213317
0.284142712,0.236745638
0.116470853,0.152465513
0.131733891,0.107597797
0.123711023,0.084578225
0.070362842,0.094463663
0.113500743,0.122600433
0.127992776,0.174557165
0.183555274,0.174410452
0.17161643,0.165793057
0.155573196,0.184622796
0.202135225,0.211516906
0.209845865,0.196251999
0.185940974,0.191832464
0.183376404,0.141471875
0.147933761,0.156089415
0.17035234,0.18539245
0.183162744,0.201075555
0.161825329,0.180987497
0.174593947,0.141599727
0.094668325,0.143815359
0.165154518,0.130769204
0.127496239,0.147432802
0.162118527,0.164780229
0.156942972,0.187974409
0.205880352,0.194421836
0.190838294,0.196132185
0.193033841,0.192695854
0.219600052,0.24589683
0.238192277,0.187664711
0.165836593,0.191514044
0.191460749,0.145947103
0.143060177,0.15898872
0.176629,0.158344589
0.166730215,0.170309166
0.173907282,0.154544685
0.147395182,0.15515676
0.157863672,0.127128636
0.135505667,0.144216262
0.14262746,0.108225775
0.106799926,0.101737599
0.106682674,0.072370826
0.060067125,0.063638379
0.070452674,0.099439691
0.08609112,0.087460046
0.088558278,0.096412173
0.105543405,0.113660624
0.101278448,0.123189266
0.112140107,0.07314474
0.08755527,0.126895213
0.138301457,0.166198631
0.181006469,0.170160973
0.173483771,0.156087642
0.145285076,0.144423487
0.137499344,0.15727703
0.149533791,0.155895416
0.161022301,0.159195158
0.159649574,0.142594376
0.13643961,0.155207687
0.158127222,0.167491184
0.160426702,0.142172269
0.148924633,0.142789429
0.149279646,0.168231526
0.171545556,0.193088394
0.154932025,0.151112684
0.153060204,0.127128262
0.182136526,0.21767861
0.216131114,0.245081297
0.249132574,0.246731525
0.245068805,0.238524907
0.223564764,0.220844262
0.227634838,0.219376689
0.213512702,0.206136407
0.198555296,0.214054105
0.21402936,0.211704065
0.221811851,0.208252028
0.211722072,0.208514993
0.206079412,0.214210709
0.223822846,0.225566963
0.224488655,0.230841793
0.234771949,0.230447856
0.232303155,0.229427207
0.23211779,0.238147038
0.251294912,0.244885859
0.243652204,0.234270797
0.232183847,0.218568481
0.212768806,0.219238172
0.228485453,0.222021531
0.226420638,0.215038775
0.214381713,0.217418456
0.216765614,0.193277949
0.191476382,0.185466481
0.168643457,0.183484888
0.186643044,0.204219263
0.207247349,0.215235955
0.218830685,0.212495084
0.212271078,0.199979352
0.20606753,0.209778812
0.209984604,0.208525379
0.215988031,0.264027145
0.273355041,0.25783045
0.259377633,0.298325092
0.292004611,0.269910581
0.268385912,0.261874128
0.275542794,0.256060107
0.25625054,0.2398483
0.244045686,0.242857782
0.253123879,0.251558619
0.268885861,0.26735731
0.270192951,0.274306743
0.297497942,0.314638201
0.312220033,0.315448872
0.324814508,0.313160656
0.308133169,0.304941853
0.299835274,0.281413058
0.285437482,0.291733171
0.29137685,0.290620086
0.298123999,0.291304501
0.290410477,0.281486573
0.288576282,0.291950833
0.29694418,0.283617347
0.285620554,0.286667334
0.285589477,0.295224585
0.295232374,0.291090631
0.293417637,0.299380233
0.30306521,0.284730176
0.284739956,0.288297356
0.288666361,0.28448432
0.282686447,0.283005759
0.306351592,0.267548234
0.269979299,0.29402104
0.29421082,0.292388355
0.265092819,0.277615295
0.273601886,0.263167174
0.258471472,0.270773414
0.263538636,0.272589406
0.269287259,0.285790651
0.26796821,0.25365175
0.259165117,0.273424847
0.265138974,0.277766833
0.273964251,0.28510826
0.279382879,0.275526527
0.266001845,0.259996704
0.269301365,0.272003922
0.267803129,0.272705666
0.265007318,0.252781643
0.25752439,0.253902857
0.26938117,0.300579131
0.299742205,0.283382789
0.288895583,0.281919724
0.273671851,0.270342044
0.294233355,0.27303959
0.287539673,0.30748038
0.313558591,0.305901413
0.312161982,0.343359851
0.345270959,0.352151913
0.369168368,0.364251005
0.367281688,0.35136404
0.345029512,0.347409172
0.350693144,0.334587335
0.323506354,0.317511709
0.315729833,0.297639153
0.307171077,0.318203858
0.321837685,0.318630254
0.330651581,0.310138308
0.304139705,0.294348131
0.298150309,0.296695803
0.296732805,0.289419451
0.308494069,0.307060805
0.315221306,0.320185655
0.325724546,0.313737006
0.336624913,0.326824476
0.323003748,0.327071138
0.325348444,0.325876316
0.320923541,0.330427378
0.335209052,0.338532244
0.334186468,0.355167113
0.361356834,0.364334258
0.366151076,0.353019925
0.348506931,0.354889425
0.356888495,0.371952887
0.370688947,0.363645524
0.366050283,0.359545121
0.351037836,0.350141954
0.351400925,0.342268077
0.346757435,0.347076148
0.351972815,0.35632983
0.358614552,0.365107732
0.364278375,0.358222078
0.366521317,0.362998851
0.364811674,0.35460473
0.350609055,0.360001495
0.332906698,0.30638575
0.307260347,0.29620871
0.289859758,0.288732022
0.268334152,0.263084577
0.278445474,0.27799528
0.271249352,0.283286157
0.321900388,0.357981497
0.351063272,0.361551764
0.361171777,0.33473321
0.333712377,0.329381071
0.311851151,0.298986143
0.305454222,0.289077652
0.299809839,0.313503934
0.326545681,0.317897765
0.309309388,0.305284566
0.310690575,0.320592039
0.321601732,0.323342748
0.313913674,0.284518466
0.297944854,0.296495601
0.301818102,0.294778913
0.290188396,0.303896577
0.31504889,0.314269568
0.316716839,0.313875631
0.303989119,0.304660276
0.311480157,0.305074766
0.318534355,0.31348809
0.313558953,0.297946353
0.304035206,0.296569785
0.292030602,0.291729903
0.294277596,0.283501178
0.288922337,0.290611115
0.291677385,0.298099138
0.292933196,0.299980878
0.303933626,0.302175103
0.298363994,0.292499029
0.295035286,0.289963775
0.291195437,0.285592328
0.286833893,0.294920236
0.293364569,0.275907144
0.275308657,0.275851854
0.278127577,0.274271649
0.269236479,0.260988186
0.264020559,0.265272856
0.266388768,0.260896222
0.25643831,0.252617055
0.252170426,0.258715591
0.261407975,0.264041944
0.262227239,0.262267269
0.255741629,0.24962638
0.259707582,0.25328961
0.254429434,0.251488214
0.25944161,0.274666522
0.274081912,0.287212934
0.290078149,0.289921025
0.288053547,0.290989793
0.2989693,0.295922782
0.294727391,0.292791757
0.301367491,0.309224797
0.30978504,0.300646879
0.294030286,0.297867068
0.301455902,0.303180211
0.306103625,0.318152994
0.325079515,0.332519158
0.333207897,0.322232814
0.320812859,0.3233504
0.321178185,0.334886633
0.341426291,0.348443021
0.352821944,0.367720088
0.371525107,0.365393524
0.36424657,0.361947396
0.370191203,0.36640045
0.363460024,0.366144341
0.361678215,0.366025892
0.367777659,0.37110993
0.370394812,0.381628475
0.381598563,0.392174714
0.399912513,0.394511285
0.395781665,0.410947082
0.414301649,0.42792584
0.424019691,0.423763788
0.416990772,0.405231227
0.40331021,0.400134079
0.404692229,0.407847735
0.40176087,0.397298597
0.403399085,0.402261831
0.398423288,0.398558331
0.400835445,0.392771404
0.374608099,0.394567371
0.400811305,0.404225905
0.407603327,0.40294936
0.409083857,0.402681633
0.400646175,0.393377063
0.396947546,0.399490789
0.399606137,0.399477065
0.398705544,0.437122411
0.434413536,0.419530713
0.426646213,0.433508986
0.435512449,0.438049323
0.438401751,0.432130454
0.43613538,0.4379624
0.445153301,0.452745527
0.45771239,0.466971508
0.474082891,0.478317261
0.483250584,0.478889302
0.481365375,0.473646704
0.473336734,0.466055261
0.461211756,0.46938207
0.480292291,0.503120989
0.49222969,0.4976093
0.491732322,0.495050198
0.504999116,0.493207591
0.489172519,0.488442288
0.500041218,0.499825748
0.502906609,0.491196057
0.496385824,0.496786528
0.495786997,0.490823217
0.491161223,0.493943145
0.50041916,0.505958319
0.510391586,0.517084255
0.517511289,0.517867009
0.523648979,0.52118114
0.520439335,0.523501955
0.529117906,0.509781728
0.490683877,0.498444676
0.506335828,0.510778157
0.48356221,0.479570712
0.468856517,0.492366869
0.488594531,0.473386549
0.467101081,0.483727612
0.49610648,0.498005911
0.506567923,0.501539877
0.491136665,0.495901837
0.491869179,0.499647246
0.497168195,0.524064741
0.533308841,0.538191917
0.545073917,0.538633713
0.534491347,0.544142809
0.550302754,0.550850254
0.547639433,0.564539226
0.574260638,0.581506064
0.577732341,0.567080036
0.562314059,0.530578133
0.480417515,0.489536826
0.509835719,0.47311091
0.474624674,0.47187542
0.449301446,0.433430305
0.402529544,0.449464276
0.470501169,0.470377626
0.486802041,0.462447201
0.478390516,0.496756436
0.482433466,0.475997233
0.489785949,0.480567138
0.419961542,0.422194107
0.446485681,0.44560614
0.432475481,0.448725608
0.406667773,0.369191504
0.408649811,0.427845755
0.369851855,0.364543611
0.383462232,0.403504909
0.374916293,0.369023675
0.37477587,0.377497475
0.398440487,0.374459706
0.387210318,0.39905557
0.427235947,0.450837334
0.457128269,0.432940233
0.445823878,0.463708
0.451293875,0.45353486
0.460734202,0.466695319
0.467591225,0.440797663
0.426463245,0.419983571
0.417163607,0.429005701
0.427032926,0.406789267
0.426639653,0.461160929
0.47625586,0.4611877
0.466689915,0.473560409
0.482466715,0.468947039
0.470046769,0.49433406
0.507105217,0.531645728
0.520773433,0.531797655
0.540712979,0.548914879
0.552587548,0.54543857
0.540105104,0.548302571
0.547862277,0.511036869
0.52966906,0.538213312
0.544874055,0.537640547
0.530609619,0.539744819
0.551011952,0.5421023
0.548175404,0.532958109
0.524230449,0.515616516
0.513647878,0.503246519
0.490667027,0.478304792
0.477883388,0.504078484
0.512468059,0.500152287
0.502532672,0.499470868
0.506980463,0.49705984
0.49916415,0.508460228
0.505910455,0.531480126
0.535862829,0.513001995
0.51578449,0.497692868
0.497111412,0.519141359
0.508291424,0.515895813
0.523227144,0.519086774
0.517439285,0.526688656
0.536518455,0.534519454
0.537273298,0.518454225
0.519740618,0.522795314
0.53054115,0.504126922
0.505069433,0.4994849
0.495009441,0.489519461
0.492890703,0.508646646
0.504264928,0.506670299
0.505183002,0.505436573
0.506190923,0.497420381
0.496286126,0.496077331
0.499681482,0.500128684
0.502204743,0.498509167
0.498517355,0.529398274
0.536726994,0.538228874
0.525196597,0.49600411
0.516420971,0.501911377
